id,target
c0f722661,-1.3921577498664577
f0953f0a5,-0.7227893618588881
0df072751,-0.3195964004184633
04caf4e0c,-1.691016843544462
0e63f8bea,-1.3205070758192663
12537fe78,-0.42823846751754663
965e592c0,-0.01855314532538603
